<?xml version="1.0" encoding="UTF-8"?>

 <!DOCTYPE beans PUBLIC "-//SPRING//DTD BEAN 2.0//EN"
        "http://www.springframework.org/dtd/spring-beans-2.0.dtd">
        
    <beans>
    	<bean class="com.training.project.dao.DaoClass" id="daoC">
    	<property name="users">
    	<map>
    		<entry key="1111">
    			<bean class="com.training.project.bean.UserClass">
    				<property name="userName" value="Naina"/>
    				<property name="phoneNo" value="9878675654"/>
    				<property name="balance" value="40000"/>
    			</bean>
    		</entry>
    		<entry key="1112">
    			<bean class="com.training.project.bean.UserClass">
    				<property name="userName" value="Divya"/>
    				<property name="phoneNo" value="9878675655"/>
    				<property name="balance" value="50000"/>
    			</bean>
    		</entry>
    		<entry key="1113">
    			<bean class="com.training.project.bean.UserClass">
    				<property name="userName" value="Bijoy"/>
    				<property name="phoneNo" value="9878675656"/>
    				<property name="balance" value="60000"/>
    			</bean>
    		</entry>
    	</map>
    	</property>
    	</bean>
    	<bean class="com.training.project.service.ServiceClass" id="servC">
    		<property name="dao" ref="daoC"/>
    	</bean>
    	 <bean class="com.training.project.bean.UserClass" id="userC"/> 
    </beans>